{
  "maximum_of_data_dependent_control_structures": {
    "average": 0.0015694560648970867,
    "median": 0.0002338120248168707,
    "total": 13378.723071658867,
    "top10": [
      482.21214363898616,
      404.46459666790906,
      289.9828794109635,
      229.83347876102198,
      201.5814170569647,
      197.19432782707736,
      175.16209239599993,
      166.0977231230354,
      163.40946134598926,
      160.7588827139698
    ]
  },
  "NumChanges": {
    "average": 1.8878792673192766,
    "median": 0.8181593000190333,
    "total": 1702993.5870328979,
    "top10": [
      174.86742257291917,
      87.69874665804673,
      70.13143247307744,
      69.19806119200075,
      61.096154614933766,
      60.315601476002485,
      59.50363910605665,
      56.025301934976596,
      54.66976992599666,
      53.924316344899125
    ]
  },
  "main": {
    "average": 3048.904136186,
    "median": 3048.904136186,
    "total": 6097.808272372,
    "top10": [
      6094.576735113,
      3.231537259000106
    ]
  },
  "cyclomatic_complexity": {
    "average": 0.0011566679523784182,
    "median": 0.00022432405967265368,
    "total": 8446.531865536876,
    "top10": [
      229.89425465499517,
      207.29482100403402,
      205.9880850360496,
      189.74904468900058,
      169.97841633995995,
      150.16198042000178,
      149.28339956200216,
      142.54108617606107,
      133.66839282796718,
      132.2125412330497
    ]
  },
  "number_of_nested_control_structures": {
    "average": 0.000667193561629127,
    "median": 0.00020315300207585096,
    "total": 5118.626940010581,
    "top10": [
      213.86654132092372,
      174.03445128002204,
      167.3101585250115,
      161.07297224795911,
      111.50088016898371,
      103.8380798608996,
      96.00132163602393,
      95.66972661798354,
      66.98920377600007,
      53.400049678981304
    ]
  },
  "max_pointer_arithmetic_variable_is_involved_in": {
    "average": 0.004616534794535847,
    "median": 0.0004501580260694027,
    "total": 35417.48710989929,
    "top10": [
      502.28057226201054,
      485.356971265981,
      367.3359750920208,
      246.0947964239167,
      243.18536115298048,
      230.0563548230566,
      229.2335282700369,
      218.74770471802913,
      218.46745906607248,
      200.6986568090506
    ]
  },
  "number_of_variables_involved_in_control_predicates": {
    "average": 0.0013576888870147925,
    "median": 0.0002418110379949212,
    "total": 12324.958516676037,
    "top10": [
      239.08229245396797,
      232.72665902599692,
      223.41684998793062,
      194.4118439980084,
      185.71263733599335,
      180.9062138670124,
      165.2378342790762,
      125.79966007207986,
      120.89890854398254,
      106.84571531898109
    ]
  },
  "number_of_callee_parameter_variables": {
    "average": 0.0013648948485605146,
    "median": 0.00025836098939180374,
    "total": 9634.366888795921,
    "top10": [
      223.63166611804627,
      202.27416700101458,
      133.15075760299806,
      112.57478531100787,
      93.76641620404553,
      90.74307319603395,
      81.55597219394986,
      30.747626782977022,
      7.794884048984386,
      7.698908744961955
    ]
  },
  "lines_of_code": {
    "average": 0.012925161344795206,
    "median": 0.000686171930283308,
    "total": 109093.73861719097,
    "top10": [
      531.3432958170306,
      176.4313543069875,
      169.73822664492764,
      25.63645051198546,
      16.082650494994596,
      14.067378839943558,
      13.248906025022734,
      12.886998427973595,
      12.77427729498595,
      12.753321227966808
    ]
  },
  "maximum_nesting_level_of_control_structures": {
    "average": 0.0013101633445010289,
    "median": 0.0002923555439338088,
    "total": 10287.743223491649,
    "top10": [
      226.5379659239552,
      214.26334339904133,
      165.4192938640481,
      161.65814259496983,
      152.0254305350827,
      118.21872705104761,
      101.58187708805781,
      59.25489134900272,
      57.94501991395373,
      23.512792865978554
    ]
  },
  "max_nesting_loop_depth": {
    "average": 0.000909454064086314,
    "median": 0.00021136697614565492,
    "total": 2346.8389367422205,
    "top10": [
      252.578010409954,
      114.05776670703199,
      80.4486360020237,
      3.3839582100044936,
      3.166858153010253,
      3.099295469932258,
      2.9802066769916564,
      2.9519546390511096,
      2.93192724394612,
      2.8126325930352323
    ]
  },
  "number_of_pointer_arithmetic": {
    "average": 0.004017289578328463,
    "median": 0.0004504809621721506,
    "total": 31067.644677369914,
    "top10": [
      368.56835951295216,
      196.98121032305062,
      194.48231351200957,
      194.1207595890155,
      184.77298567898106,
      184.32288370397873,
      178.12825594597962,
      175.06418213702273,
      169.19533945596777,
      166.534904838074
    ]
  },
  "number_of_if_structures_without_else": {
    "average": 0.0010432812044649735,
    "median": 0.00021179800387471914,
    "total": 8888.052690509765,
    "top10": [
      423.77302053698804,
      311.02216758101713,
      186.133221185999,
      157.61357606993988,
      137.65044051001314,
      115.83140131295659,
      98.1832580800401,
      74.09546798199881,
      5.507635490037501,
      5.015852031996474
    ]
  },
  "maximum_of_control_dependent_control_structures": {
    "average": 0.0022997686933634905,
    "median": 0.0002231559483334422,
    "total": 17597.312593661423,
    "top10": [
      289.3904028889956,
      208.74887387291528,
      207.5986150969984,
      195.95603879203554,
      152.50172622303944,
      141.955152751063,
      138.81782990903594,
      135.60011217801366,
      102.8260725850123,
      100.94414824497653
    ]
  },
  "number_of_parameter_variables": {
    "average": 1.986070381997246e-5,
    "median": 1.57039612531662e-5,
    "total": 51.250387321808375,
    "top10": [
      0.8766731909709051,
      0.010661425068974495,
      0.006539382040500641,
      0.004718234995380044,
      0.004160779993981123,
      0.0041200530249625444,
      0.004115293966606259,
      0.004093636991456151,
      0.004082774976268411,
      0.004060406005010009
    ]
  },
  "LinesNew": {
    "average": 1.7690873048469908e-6,
    "median": 1.5880214050412178e-6,
    "total": 1.5587711296975613,
    "top10": [
      0.0009072290267795324,
      0.0008172440575435758,
      0.0007357969880104065,
      0.0006278309738263488,
      0.000625981017947197,
      0.000582784996367991,
      0.0005230350652709603,
      0.0005017929943278432,
      0.0004999140510335565,
      0.0004896819591522217
    ]
  },
  "number_of_loops": {
    "average": 0.0008068609709336889,
    "median": 0.0002122879959642887,
    "total": 2082.0982806066168,
    "top10": [
      107.53192329104058,
      52.64415551896673,
      14.490898638032377,
      4.917980100028217,
      4.050221671932377,
      3.2341974190203473,
      3.1835104109486565,
      2.9607166829518974,
      2.9541344370227307,
      2.9190088170580566
    ]
  },
  "number_of_variables_involved_in_pointer_arithmetic": {
    "average": 0.004682907804643752,
    "median": 0.00044977793004363775,
    "total": 35832.556866877945,
    "top10": [
      562.7512992370175,
      309.60670705500524,
      300.9327900529606,
      276.99794678698527,
      242.39706128602847,
      217.3352039429592,
      211.31501888402272,
      202.92400160396937,
      202.49978508998174,
      198.8430310219992
    ]
  },
  "LinesChanged": {
    "average": 9.723686037491313e-6,
    "median": 8.914037607610226e-6,
    "total": 8.793664086435456,
    "top10": [
      0.0019905760418623686,
      0.0014143610605970025,
      0.001286895014345646,
      0.001261231955140829,
      0.0011374370660632849,
      0.0011245599016547203,
      0.0010522939264774323,
      0.0009787920280359685,
      0.0009356080554425716,
      0.0009289750014431775
    ]
  },
  "NumDevs": {
    "average": 1.7162233255976974e-6,